,Molecule ID,SMILES,pIC50
0,Cyclohexane,C1CCCCC1,4.125869404536795
1,Ethanol,CCO,4.1299434779527315
2,Aceticacid,CC(=O)O,4.085931141560847
3,Hexane,CCCCCC,4.1299434779527315
4,Benzene,C1=CC=CC=C1,4.125869404536795
5,hljkjkhiuhhiuhiu,CC(C)O,4.1299434779527315
6,Tetrahydrofuran(THF),C1CCOC1,4.130344990332973
7,Glycine,C(C(=O)O)N,4.073408714705153
8,compound_1,CCN(CC)CC,4.115587892139124
9,Aspirin,O=C(C)Oc1ccccc1C(=O)O,4.077561094053448
