,Molecule ID,SMILES,pIC50
0,Cyclohexane,C1CCCCC1,4.729709047650966
1,Ethanol,CCO,4.457754168261801
2,Aceticacid,CC(=O)O,4.583005305709715
3,Hexane,CCCCCC,4.729709047650966
4,Benzene,C1=CC=CC=C1,4.704925125234822
5,hljkjkhiuhhiuhiu,CC(C)O,4.597957636362815
6,Tetrahydrofuran(THF),C1CCOC1,4.58340067581716
7,Glycine,C(C(=O)O)N,4.382391492184586
8,compound_1,CCN(CC)CC,4.841775764324937
9,Aspirin,O=C(C)Oc1ccccc1C(=O)O,5.133919123050415
